name,target
activity_16,'2016-19'!$V:$V
activity_20,'2020-24'!#REF!
admin1,'2006-15'!$B:$B
admin1_16,'2016-19'!$B:$B
admin1_20,'2020-24'!$B:$B
admin2_16,'2016-19'!$C:$C
admin2_20,'2020-24'!$C:$C
approved,'2006-15'!$I:$I
approved_16,'2016-19'!$Q:$Q
approved_20,'2020-24'!$Q:$Q
econ0_16,'2016-19'!$G:$G
econ0_20,'2020-24'!$G:$G
econ1,'2006-15'!$E:$E
econ1_16,'2016-19'!$H:$H
econ1_20,'2020-24'!$H:$H
econ2,'2006-15'!$F:$F
econ2_16,'2016-19'!$I:$I
econ2_20,'2020-24'!$I:$I
econ3_16,'2016-19'!$J:$J
econ3_20,'2020-24'!$J:$J
econ4_16,'2016-19'!$K:$K
econ4_20,'2020-24'!$K:$K
econ5_16,'2016-19'!$L:$L
econ5_20,'2020-24'!$L:$L
executed,'2006-15'!$K:$K
executed_16,'2016-19'!$S:$S
executed_20,'2020-24'!$S:$S
exp_type,'2006-15'!$G:$G
exp_type2,'Raw2'!$D:$D
exp_type_16,'2016-19'!$N:$N
exp_type_20,'2020-24'!$N:$N
func1,'2006-15'!$C:$C
func1_16,'2016-19'!$D:$D
func1_20,'2020-24'!$D:$D
func2,'2006-15'!$D:$D
func2_16,'2016-19'!$E:$E
func2_20,'2020-24'!$E:$E
func3_16,'2016-19'!$F:$F
func3_20,'2020-24'!$F:$F
program1,'2016-19'!$T:$T
sect,[1]Database!$H:$H
transfer,'2006-15'!$H:$H
transfer_16,'2016-19'!$O:$O
transfer_20,'2020-24'!$O:$O
year,'2006-15'!$A:$A
year_16,'2016-19'!$A:$A
year_20,'2020-24'!$A:$A
